phrase_originale,nom1,nom2,determinant,nom1_lemme,nom2_lemme,definitude,type_jdm,est_valide,notes
maison d'Ouro Preto,maison,ouro preto,d',maison,ouro preto,False,r_holo,True,
maison de laTrente,maison,latrente,de,maison,latrente,False,r_holo,True,
maison de l'Hakodate,maison,l'hakodate,de,maison,l'hakodate,False,r_holo,True,
maison de larue,maison,larue,de,maison,larue,False,r_holo,True,
maison de l'Albertville,maison,l'albertville,de,maison,l'albertville,False,r_holo,True,
maison d'Esztergom,maison,esztergom,d',maison,esztergom,False,r_holo,True,
maison de l'Avesnes-sur-Helpe,maison,l'avesnes-sur-helpe,de,maison,l'avesnes-sur-helpe,False,r_holo,True,
maison de l'Iakoutsk,maison,l'iakoutsk,de,maison,l'iakoutsk,False,r_holo,True,
maison de l'Oran,maison,l'oran,de,maison,l'oran,False,r_holo,True,
maison d'Indianapolis,maison,indianapolis,d',maison,indianapoli,False,r_holo,True,
maison d'Hambourg,maison,hambourg,d',maison,hambourg,False,r_holo,True,
voiture de l'exposition,voiture,l'exposition,de,voiture,l'exposition,False,r_holo,True,
voiture de larallye,voiture,larallye,de,voiture,larallye,False,r_holo,True,
voiture de latrain à grande vitesse,voiture,latrain à grande vitesse,de,voiture,latrain à grande vitesse,False,r_holo,True,
voiture de latrain grande vitesse,voiture,latrain grande vitesse,de,voiture,latrain grande vitesse,False,r_holo,True,
voiture de lanoix de muscade,voiture de lanoix,muscade,de,voiture de lanoi,muscade,False,r_holo,True,
voiture de laTrain à Grande Vitesse,voiture,latrain à grande vitesse,de,voiture,latrain à grande vitesse,False,r_holo,True,
voiture deNoix de muscade,denoix,muscade,de,denoi,muscade,False,r_holo,True,
arbre d'incendie,arbre,incendie,d',arbre,incendie,False,r_holo,True,
arbre de laterre,arbre,laterre,de,arbre,laterre,False,r_holo,True,
arbre de laVie,arbre,lavie,de,arbre,lavie,False,r_holo,True,
arbre de lacampagne,arbre,lacampagne,de,arbre,lacampagne,False,r_holo,True,
arbre de lafrégate,arbre,lafrégate,de,arbre,lafrégate,False,r_holo,True,
arbre d'automobile,arbre,automobile,d',arbre,automobile,False,r_holo,True,
arbre de lapinède,arbre,lapinède,de,arbre,lapinède,False,r_holo,True,
arbre d'arachidier,arbre,arachidier,d',arbre,arachidier,False,r_holo,True,
arbre de lagarrigue,arbre,lagarrigue,de,arbre,lagarrigue,False,r_holo,True,
arbre de lanature,arbre,lanature,de,arbre,lanature,False,r_holo,True,
arbre duturbine à gaz de combustion,gaz,combustion,de,gaz,combustion,False,r_holo,True,
arbre de l'acer,arbre,l'acer,de,arbre,l'acer,False,r_holo,True,
arbre deforêt des Hauts de l'Ouest,arbre deforêt des hauts,l'ouest,de,arbre deforêt des haut,l'ouest,False,r_holo,True,
corps de l'oiseau-à-berceau,corps,l'oiseau-à-berceau,de,corp,l'oiseau-à-berceau,False,r_holo,True,
corps d'Alexander Roslin,corps,alexander roslin,d',corp,alexander roslin,False,r_holo,True,
corps de l'exaspérant,corps,l'exaspérant,de,corp,l'exaspérant,False,r_holo,True,
corps d'émeraude,corps,émeraude,d',corp,émeraude,False,r_holo,True,
corps d'écrivassier,corps,écrivassier,d',corp,écrivassier,False,r_holo,True,
corps de laSophie Rostopchine,corps,lasophie rostopchine,de,corp,lasophie rostopchine,False,r_holo,True,
corps de l'ure,corps,l'ure,de,corp,l'ure,False,r_holo,True,
corps de lachlamydère,corps,lachlamydère,de,corp,lachlamydère,False,r_holo,True,
corps de l'uniforme,corps,l'uniforme,de,corp,l'uniforme,False,r_holo,True,
corps d'admoniteur,corps,admoniteur,d',corp,admoniteur,False,r_holo,True,
corps de l'olive,corps,l'olive,de,corp,l'olive,False,r_holo,True,
corps de l'Histoire,corps,l'histoire,de,corp,l'histoire,False,r_holo,True,
corps d'essentialiser,corps,essentialiser,d',corp,essentialiser,False,r_holo,True,
corps d'abaisseur,corps,abaisseur,d',corp,abaisseur,False,r_holo,True,
livre de lalittérature,livre,lalittérature,de,livre,lalittérature,False,r_holo,True,
livre de laLa Pléïade,livre,lala pléïade,de,livre,lala pléïade,False,r_holo,True,
table de l'auberge,table,l'auberge,de,table,l'auberge,False,r_holo,True,
table de l'école,table,l'école,de,table,l'école,False,r_holo,True,
table de l'hôtel,table,l'hôtel,de,table,l'hôtel,False,r_holo,True,
table de lasuite,table,lasuite,de,table,lasuite,False,r_holo,True,
table de laclasse,table,laclasse,de,table,laclasse,False,r_holo,True,
table de l'oud,table,l'oud,de,table,l'oud,False,r_holo,True,
table de lafête,table,lafête,de,table,lafête,False,r_holo,True,
table debase de données relationnelle,debase,données relationnelle,de,debase,données relationnelle,False,r_holo,True,
ordinateur d'écrivain,ordinateur,écrivain,d',ordinateur,écrivain,False,r_holo,True,
ordinateur de l'entreprise,ordinateur,l'entreprise,de,ordinateur,l'entreprise,False,r_holo,True,
ordinateur d'Internet,ordinateur,internet,d',ordinateur,internet,False,r_holo,True,
ordinateur d'école,ordinateur,école,d',ordinateur,école,False,r_holo,True,
ordinateur d'internet,ordinateur,internet,d',ordinateur,internet,False,r_holo,True,
ordinateur de lareceptionniste,ordinateur,lareceptionniste,de,ordinateur,lareceptionniste,False,r_holo,True,
ville d'Amérique,ville,amérique,d',ville,amérique,False,r_holo,True,
ville de laplanète,ville,laplanète,de,ville,laplanète,False,r_holo,True,
ville de laterre,ville,laterre,de,ville,laterre,False,r_holo,True,
homme de lavoiture,homme,lavoiture,de,homme,lavoiture,False,r_lieu,True,
homme de lachorale,homme,lachorale,de,homme,lachorale,False,r_lieu,True,
homme de lapelouse,homme,lapelouse,de,homme,lapelouse,False,r_lieu,True,
homme d'océan,homme,océan,d',homme,océan,False,r_lieu,True,
homme de l'Irak,homme,l'irak,de,homme,l'irak,False,r_lieu,True,
homme de lasynagogue,homme,lasynagogue,de,homme,lasynagogue,False,r_lieu,True,
homme demaison de retraite,demaison,retraite,de,demaison,retraite,False,r_lieu,True,
homme de laplanète,homme,laplanète,de,homme,laplanète,False,r_lieu,True,
homme de lagendarmerie,homme,lagendarmerie,de,homme,lagendarmerie,False,r_lieu,True,
homme de laferme,homme,laferme,de,homme,laferme,False,r_lieu,True,
homme dumaison de santé,dumaison,santé,de,dumaison,santé,False,r_lieu,True,
homme de lalatomie,homme,lalatomie,de,homme,lalatomie,False,r_lieu,True,
homme de l'Asie,homme,l'asie,de,homme,l'asie,False,r_lieu,True,
homme dechamp de bataille,dechamp,bataille,de,dechamp,bataille,False,r_lieu,True,
homme de larêve,homme,larêve,de,homme,larêve,False,r_lieu,True,
homme de l'Athènes,homme,l'athènes,de,homme,l'athène,False,r_lieu,True,
homme dumaison de fous,dumaison,fous,de,dumaison,fou,False,r_lieu,True,
homme de laguerre,homme,laguerre,de,homme,laguerre,False,r_lieu,True,
femme de lavoiture,femme,lavoiture,de,femme,lavoiture,False,r_lieu,True,
femme de lapelouse,femme,lapelouse,de,femme,lapelouse,False,r_lieu,True,
femme de larade,femme,larade,de,femme,larade,False,r_lieu,True,
femme de lasynagogue,femme,lasynagogue,de,femme,lasynagogue,False,r_lieu,True,
femme de lamaison de retraite,femme de lamaison,retraite,de,femme de lamaison,retraite,False,r_lieu,True,
femme de larue,femme,larue,de,femme,larue,False,r_lieu,True,
femme de laterre,femme,laterre,de,femme,laterre,False,r_lieu,True,
femme dumaison de santé,dumaison,santé,de,dumaison,santé,False,r_lieu,True,
femme de l'Athènes,femme,l'athènes,de,femme,l'athène,False,r_lieu,True,
femme demaison de fous,demaison,fous,de,demaison,fou,False,r_lieu,True,
femme d'Italie,femme,italie,d',femme,italie,False,r_lieu,True,
femme de l'hôpital psychiatrique,femme,l'hôpital psychiatrique,de,femme,l'hôpital psychiatrique,False,r_lieu,True,
femme de lacampagne,femme,lacampagne,de,femme,lacampagne,False,r_lieu,True,
animal de l'animalerie,animal,l'animalerie,de,animal,l'animalerie,False,r_lieu,True,
animal de l'océan,animal,l'océan,de,animal,l'océan,False,r_lieu,True,
animal de lacage,animal,lacage,de,animal,lacage,False,r_lieu,True,
animal d'élevage,animal,élevage,d',animal,élevage,False,r_lieu,True,
animal de l'hameau,animal,l'hameau,de,animal,l'hameau,False,r_lieu,True,
animal d'étable,animal,étable,d',animal,étable,False,r_lieu,True,
animal d'arbre,animal,arbre,d',animal,arbre,False,r_lieu,True,
animal de laparc zoologique,animal,laparc zoologique,de,animal,laparc zoologique,False,r_lieu,True,
animal de lacaverne,animal,lacaverne,de,animal,lacaverne,False,r_lieu,True,
animal d'écurie,animal,écurie,d',animal,écurie,False,r_lieu,True,
animal de lajungle,animal,lajungle,de,animal,lajungle,False,r_lieu,True,
animal de laniche,animal,laniche,de,animal,laniche,False,r_lieu,True,
animal d'épisode,animal,épisode,d',animal,épisode,False,r_lieu,True,
animal de l'habitat,animal,l'habitat,de,animal,l'habitat,False,r_lieu,True,
animal de l'endroit,animal,l'endroit,de,animal,l'endroit,False,r_lieu,True,
animal de laTunisie,animal,latunisie,de,animal,latunisie,False,r_lieu,True,
animal dupoint d'eau,dupoint,eau,d',dupoint,eau,False,r_lieu,True,
plante de lasavane,plante,lasavane,de,plante,lasavane,False,r_lieu,True,
plante de lamontagne,plante,lamontagne,de,plante,lamontagne,False,r_lieu,True,
plante de laterre,plante,laterre,de,plante,laterre,False,r_lieu,True,
plante de larivière,plante,larivière,de,plante,larivière,False,r_lieu,True,
plante de lafleuriste,plante,lafleuriste,de,plante,lafleuriste,False,r_lieu,True,
plante de lavase,plante,lavase,de,plante,lavase,False,r_lieu,True,
plante de l'aquarium,plante,l'aquarium,de,plante,l'aquarium,False,r_lieu,True,
plante de lajungle,plante,lajungle,de,plante,lajungle,False,r_lieu,True,
plante de l'endroit,plante,l'endroit,de,plante,l'endroit,False,r_lieu,True,
plante de laserre,plante,laserre,de,plante,laserre,False,r_lieu,True,
plante de lasalle d'attente,plante,lasalle d'attente,de,plante,lasalle d'attente,False,r_lieu,True,
plante de lazone humide,plante,lazone humide,de,plante,lazone humide,False,r_lieu,True,
plante durocher des Doms,durocher,doms,de,durocher,dom,False,r_lieu,True,
plante de lagarigue,plante,lagarigue,de,plante,lagarigue,False,r_lieu,True,
plante desalon d'attente,desalon,attente,d',desalon,attente,False,r_lieu,True,
plante desalle d'attente d'un dentiste,desalle,attente,d',desalle,attente,False,r_lieu,True,
objet de lavoiture,objet,lavoiture,de,objet,lavoiture,False,r_lieu,True,
objet de lacuisine,objet,lacuisine,de,objet,lacuisine,False,r_lieu,True,
objet d'étagère,objet,étagère,d',objet,étagère,False,r_lieu,True,
objet de l'armoire,objet,l'armoire,de,objet,l'armoire,False,r_lieu,True,
objet demusée du Louvre,demusée,louvre,de,demusée,louvre,False,r_lieu,True,
discours d'ennuyer,discours,ennuyer,d',discour,ennuyer,False,r_processus_agent,True,
discours demanquer de clarté,demanquer,clarté,de,demanquer,clarté,False,r_processus_agent,True,
discours d'être vaseux,discours,être vaseux,d',discour,être vaseu,False,r_processus_agent,True,
travail de l'améliorer,travail,l'améliorer,de,travail,l'améliorer,False,r_processus_agent,True,
travail d'enrichir,travail,enrichir,d',travail,enrichir,False,r_processus_agent,True,
travail de laproduire,travail,laproduire,de,travail,laproduire,False,r_processus_agent,True,
travail d'accomplir,travail,accomplir,d',travail,accomplir,False,r_processus_agent,True,
travail d'épuiser,travail,épuiser,d',travail,épuiser,False,r_processus_agent,True,
travail d'effectuer,travail,effectuer,d',travail,effectuer,False,r_processus_agent,True,
travail de l'organiser,travail,l'organiser,de,travail,l'organiser,False,r_processus_agent,True,
travail deprendre du temps,deprendre,temps,de,deprendre,temp,False,r_processus_agent,True,
travail durapporter de l'argent,travail durapporter,l'argent,de,travail durapporter,l'argent,False,r_processus_agent,True,
travail defaire des mondanités,defaire,mondanités,de,defaire,mondanité,False,r_processus_agent,True,
travail de l'être difficile,travail,l'être difficile,de,travail,l'être difficile,False,r_processus_agent,True,
travail degénérer des revenus,degénérer,revenus,de,degénérer,revenu,False,r_processus_agent,True,
travail de laréunion en ligne,travail,laréunion en ligne,de,travail,laréunion en ligne,False,r_processus_agent,True,
travail d'être dur,travail,être dur,d',travail,être dur,False,r_processus_agent,True,
travail de l'utiliser logiciel,travail,l'utiliser logiciel,de,travail,l'utiliser logiciel,False,r_processus_agent,True,
intervention de l'arriver comme un cheveu sur la soupe,intervention,l'arriver comme un cheveu sur la soupe,de,intervention,l'arriver comme un cheveu sur la soupe,False,r_processus_agent,True,
intervention de l'être difficile,intervention,l'être difficile,de,intervention,l'être difficile,False,r_processus_agent,True,
intervention de l'être dur,intervention,l'être dur,de,intervention,l'être dur,False,r_processus_agent,True,
action de lase reproduire,action,lase reproduire,de,action,lase reproduire,False,r_processus_agent,True,
action d'écrire,action,écrire,d',action,écrire,False,r_processus_agent,True,
action d'avoir pour objectif,action,avoir pour objectif,d',action,avoir pour objectif,False,r_processus_agent,True,
oeuvre de l'inspirer,oeuvre,l'inspirer,de,oeuvre,l'inspirer,False,r_processus_agent,True,
oeuvre d'émouvoir,oeuvre,émouvoir,d',oeuvre,émouvoir,False,r_processus_agent,True,
oeuvre de lavendre,oeuvre,lavendre,de,oeuvre,lavendre,False,r_processus_agent,True,
oeuvre de l'être nul,oeuvre,l'être nul,de,oeuvre,l'être nul,False,r_processus_agent,True,
projet d'en baver,projet,en baver,d',projet,en baver,False,r_processus_agent,True,
projet d'échouer,projet,échouer,d',projet,échouer,False,r_processus_agent,True,
projet de l'être à bout de souffle,projet de l'être à bout,souffle,de,projet de l'être à bout,souffle,False,r_processus_agent,True,
projet de l'achopper,projet,l'achopper,de,projet,l'achopper,False,r_processus_agent,True,
projet debattre de l'aile,projet debattre,l'aile,de,projet debattre,l'aile,False,r_processus_agent,True,
projet d'avoir le souffle court,projet,avoir le souffle court,d',projet,avoir le souffle court,False,r_processus_agent,True,
projet de l'être au point mort,projet,l'être au point mort,de,projet,l'être au point mort,False,r_processus_agent,True,
projet d'être essoufflé,projet,être essoufflé,d',projet,être essoufflé,False,r_processus_agent,True,
projet de laperdre haleine,projet,laperdre haleine,de,projet,laperdre haleine,False,r_processus_agent,True,
projet de l'être hors d'haleine,projet,l'être hors d'haleine,de,projet,l'être hors d'haleine,False,r_processus_agent,True,
projet de lamanquer de souffle,projet de lamanquer,souffle,de,projet de lamanquer,souffle,False,r_processus_agent,True,
projet d'accoucher d'une souris,projet,accoucher,d',projet,accoucher,False,r_processus_agent,True,
film de ladistraire,film,ladistraire,de,film,ladistraire,False,r_processus_agent,True,
film d'ennuyer,film,ennuyer,d',film,ennuyer,False,r_processus_agent,True,
film de ladéplaire,film,ladéplaire,de,film,ladéplaire,False,r_processus_agent,True,
film de l'inspirer,film,l'inspirer,de,film,l'inspirer,False,r_processus_agent,True,
film de l'effrayer,film,l'effrayer,de,film,l'effrayer,False,r_processus_agent,True,
film d'envoûter,film,envoûter,d',film,envoûter,False,r_processus_agent,True,
film de l'émouvoir,film,l'émouvoir,de,film,l'émouvoir,False,r_processus_agent,True,
film de l'avoir du succès,film de l'avoir,succès,du,film de l'avoir,succè,True,r_processus_agent,True,
film d'heurter,film,heurter,d',film,heurter,False,r_processus_agent,True,
film de l'horrifier,film,l'horrifier,de,film,l'horrifier,False,r_processus_agent,True,
film d'empoigner,film,empoigner,d',film,empoigner,False,r_processus_agent,True,
film de l'amuser,film,l'amuser,de,film,l'amuser,False,r_processus_agent,True,
film de ladécrire,film,ladécrire,de,film,ladécrire,False,r_processus_agent,True,
film de laplaire,film,laplaire,de,film,laplaire,False,r_processus_agent,True,
film defaire de la peine,film defaire,la peine,de,film defaire,la peine,False,r_processus_agent,True,
film dufaire du bruit,dufaire,bruit,du,dufaire,bruit,True,r_processus_agent,True,
film d'envouter,film,envouter,d',film,envouter,False,r_processus_agent,True,
film dufaire du foin,dufaire,foin,du,dufaire,foin,True,r_processus_agent,True,
film de l'être nul,film,l'être nul,de,film,l'être nul,False,r_processus_agent,True,
destruction de l'entreprendre,destruction,l'entreprendre,de,destruction,l'entreprendre,False,r_processus_patient,True,
destruction de l'annoncer,destruction,l'annoncer,de,destruction,l'annoncer,False,r_processus_patient,True,
destruction de l'éviter,destruction,l'éviter,de,destruction,l'éviter,False,r_processus_patient,True,
construction d'assurer,construction,assurer,d',construction,assurer,False,r_processus_patient,True,
construction d'entreprendre,construction,entreprendre,d',construction,entreprendre,False,r_processus_patient,True,
construction de l'empêcher,construction,l'empêcher,de,construction,l'empêcher,False,r_processus_patient,True,
construction de ladétruire,construction,ladétruire,de,construction,ladétruire,False,r_processus_patient,True,
cuisson d'arrêter,cuisson,arrêter,d',cuisson,arrêter,False,r_processus_patient,True,
cuisson d'accompagner,cuisson,accompagner,d',cuisson,accompagner,False,r_processus_patient,True,
lecture de l'adorer,lecture,l'adorer,de,lecture,l'adorer,False,r_processus_patient,True,
lecture de l'aimer,lecture,l'aimer,de,lecture,l'aimer,False,r_processus_patient,True,
lecture d'empêcher,lecture,empêcher,d',lecture,empêcher,False,r_processus_patient,True,
analyse de l'accélérer,analyse,l'accélérer,de,analyse,l'accélérer,False,r_processus_patient,True,
outil de l'élargir,outil,l'élargir,de,outil,l'élargir,False,r_processus>instr-1,True,
outil d'enterrer,outil,enterrer,d',outil,enterrer,False,r_processus>instr-1,True,
outil de l'assembler,outil,l'assembler,de,outil,l'assembler,False,r_processus>instr-1,True,
outil de l'excaver,outil,l'excaver,de,outil,l'excaver,False,r_processus>instr-1,True,
outil d'utiliser,outil,utiliser,d',outil,utiliser,False,r_processus>instr-1,True,
outil de l'adapter,outil,l'adapter,de,outil,l'adapter,False,r_processus>instr-1,True,
outil d'agir,outil,agir,d',outil,agir,False,r_processus>instr-1,True,
outil de laconstruire,outil,laconstruire,de,outil,laconstruire,False,r_processus>instr-1,True,
outil d'arranger,outil,arranger,d',outil,arranger,False,r_processus>instr-1,True,
instrument de larefaire,instrument,larefaire,de,instrument,larefaire,False,r_processus>instr-1,True,
instrument de l'orchestrer,instrument,l'orchestrer,de,instrument,l'orchestrer,False,r_processus>instr-1,True,
instrument de lafaire de la musique,instrument de lafaire,la musique,de,instrument de lafaire,la musique,False,r_processus>instr-1,True,
instrument dejouer de la musique,instrument dejouer,la musique,de,instrument dejouer,la musique,False,r_processus>instr-1,True,
instrument de ladiffuser de la musique,instrument de ladiffuser,la musique,de,instrument de ladiffuser,la musique,False,r_processus>instr-1,True,
appareil de laprendre,appareil,laprendre,de,appareil,laprendre,False,r_processus>instr-1,True,
appareil d'ouïr,appareil,ouïr,d',appareil,ouïr,False,r_processus>instr-1,True,
appareil de l'enregistrer,appareil,l'enregistrer,de,appareil,l'enregistrer,False,r_processus>instr-1,True,
appareil de l'avoir un cheveu sur la langue,appareil,l'avoir un cheveu sur la langue,de,appareil,l'avoir un cheveu sur la langue,False,r_processus>instr-1,True,
force de lamusculaire,force,lamusculaire,de,force,lamusculaire,False,r_has_property-1,True,
force de latranquille,force,latranquille,de,force,latranquille,False,r_has_property-1,True,
force de lavive,force,lavive,de,force,lavive,False,r_has_property-1,True,
force de laconjuguée,force,laconjuguée,de,force,laconjuguée,False,r_has_property-1,True,
force de labrute,force,labrute,de,force,labrute,False,r_has_property-1,True,
force d'hétérotrophe,force,hétérotrophe,d',force,hétérotrophe,False,r_has_property-1,True,
force de ladonnée,force,ladonnée,de,force,ladonnée,False,r_has_property-1,True,
force de l'exercé,force,l'exercé,de,force,l'exercé,False,r_has_property-1,True,
force de l'endotherme,force,l'endotherme,de,force,l'endotherme,False,r_has_property-1,True,
force d'électrique,force,électrique,d',force,électrique,False,r_has_property-1,True,
force de l'armée,force,l'armée,de,force,l'armée,False,r_has_property-1,True,
force de lamusculeuse,force,lamusculeuse,de,force,lamusculeuse,False,r_has_property-1,True,
force de lagrande,force,lagrande,de,force,lagrande,False,r_has_property-1,True,
force d'humaine,force,humaine,d',force,humaine,False,r_has_property-1,True,
force de lade frappe,force,lade frappe,de,force,lade frappe,False,r_has_property-1,True,
force de lapuissante,force,lapuissante,de,force,lapuissante,False,r_has_property-1,True,
force de labrutale,force,labrutale,de,force,labrutale,False,r_has_property-1,True,
force de lade la nature,force,lade la nature,de,force,lade la nature,False,r_has_property-1,True,
force de lagravitatoire,force,lagravitatoire,de,force,lagravitatoire,False,r_has_property-1,True,
force d'attractive,force,attractive,d',force,attractive,False,r_has_property-1,True,
force de labilatéralement symétrique,force,labilatéralement symétrique,de,force,labilatéralement symétrique,False,r_has_property-1,True,
force de l'équivalente,force,l'équivalente,de,force,l'équivalente,False,r_has_property-1,True,
force de l'exercée,force,l'exercée,de,force,l'exercée,False,r_has_property-1,True,
force de lafonctionnée,force,lafonctionnée,de,force,lafonctionnée,False,r_has_property-1,True,
intelligence de lalucide,intelligence,lalucide,de,intelligence,lalucide,False,r_has_property-1,True,
intelligence de lavariable,intelligence,lavariable,de,intelligence,lavariable,False,r_has_property-1,True,
intelligence de lafaible,intelligence,lafaible,de,intelligence,lafaible,False,r_has_property-1,True,
intelligence de l'artificielle,intelligence,l'artificielle,de,intelligence,l'artificielle,False,r_has_property-1,True,
intelligence de l'en général,intelligence,l'en général,de,intelligence,l'en général,False,r_has_property-1,True,
intelligence de lanoble,intelligence,lanoble,de,intelligence,lanoble,False,r_has_property-1,True,
intelligence de lastratégique,intelligence,lastratégique,de,intelligence,lastratégique,False,r_has_property-1,True,
intelligence de lavaste,intelligence,lavaste,de,intelligence,lavaste,False,r_has_property-1,True,
intelligence de laremarquable,intelligence,laremarquable,de,intelligence,laremarquable,False,r_has_property-1,True,
intelligence de l'élevé,intelligence,l'élevé,de,intelligence,l'élevé,False,r_has_property-1,True,
intelligence de lapratique,intelligence,lapratique,de,intelligence,lapratique,False,r_has_property-1,True,
intelligence de l'humaine,intelligence,l'humaine,de,intelligence,l'humaine,False,r_has_property-1,True,
intelligence de lamesurée,intelligence,lamesurée,de,intelligence,lamesurée,False,r_has_property-1,True,
intelligence d'aiguisée,intelligence,aiguisée,d',intelligence,aiguisée,False,r_has_property-1,True,
intelligence de l'illuminée,intelligence,l'illuminée,de,intelligence,l'illuminée,False,r_has_property-1,True,
intelligence d'exceptionnelle,intelligence,exceptionnelle,d',intelligence,exceptionnelle,False,r_has_property-1,True,
intelligence de lasurnaturelle,intelligence,lasurnaturelle,de,intelligence,lasurnaturelle,False,r_has_property-1,True,
intelligence de lasimulée,intelligence,lasimulée,de,intelligence,lasimulée,False,r_has_property-1,True,
intelligence de lastimulée,intelligence,lastimulée,de,intelligence,lastimulée,False,r_has_property-1,True,
intelligence d'émotionnelle,intelligence,émotionnelle,d',intelligence,émotionnelle,False,r_has_property-1,True,
intelligence d'embarquée,intelligence,embarquée,d',intelligence,embarquée,False,r_has_property-1,True,
intelligence d'utilisée,intelligence,utilisée,d',intelligence,utilisée,False,r_has_property-1,True,
intelligence d'admirée,intelligence,admirée,d',intelligence,admirée,False,r_has_property-1,True,
intelligence de l'en anglais,intelligence,l'en anglais,de,intelligence,l'en anglai,False,r_has_property-1,True,
courage de l'exceptionnel,courage,l'exceptionnel,de,courage,l'exceptionnel,False,r_has_property-1,True,
courage de l'extraordinaire,courage,l'extraordinaire,de,courage,l'extraordinaire,False,r_has_property-1,True,
courage de l'audacieux,courage,l'audacieux,de,courage,l'audacieu,False,r_has_property-1,True,
courage d'opposant,courage,opposant,d',courage,opposant,False,r_has_property-1,True,
sagesse de lapolitique,sagesse,lapolitique,de,sagesse,lapolitique,False,r_has_property-1,True,
sagesse de laprofonde,sagesse,laprofonde,de,sagesse,laprofonde,False,r_has_property-1,True,
sagesse d'expérimenté,sagesse,expérimenté,d',sagesse,expérimenté,False,r_has_property-1,True,
sagesse de lamesurée,sagesse,lamesurée,de,sagesse,lamesurée,False,r_has_property-1,True,
sagesse de l'intemporelle,sagesse,l'intemporelle,de,sagesse,l'intemporelle,False,r_has_property-1,True,
sagesse de l'acquise,sagesse,l'acquise,de,sagesse,l'acquise,False,r_has_property-1,True,
talent de l'indéniable,talent,l'indéniable,de,talent,l'indéniable,False,r_has_property-1,True,
talent de l'exceptionnel,talent,l'exceptionnel,de,talent,l'exceptionnel,False,r_has_property-1,True,
talent d'offensif,talent,offensif,d',talent,offensif,False,r_has_property-1,True,
talent de l'eucaryote,talent,l'eucaryote,de,talent,l'eucaryote,False,r_has_property-1,True,
talent d'hétérotrophe,talent,hétérotrophe,d',talent,hétérotrophe,False,r_has_property-1,True,
talent de lamédiocre,talent,lamédiocre,de,talent,lamédiocre,False,r_has_property-1,True,
talent de lavivipare,talent,lavivipare,de,talent,lavivipare,False,r_has_property-1,True,
talent de laremarquable,talent,laremarquable,de,talent,laremarquable,False,r_has_property-1,True,
talent d'endotherme,talent,endotherme,d',talent,endotherme,False,r_has_property-1,True,
talent de labilatéralement symétrique,talent,labilatéralement symétrique,de,talent,labilatéralement symétrique,False,r_has_property-1,True,
talent de l'en or massif,talent,l'en or massif,de,talent,l'en or massif,False,r_has_property-1,True,
livre d'édition,livre,édition,d',livre,édition,False,r_topic,True,
livre de lalittérature,livre,lalittérature,de,livre,lalittérature,False,r_topic,True,
livre de lacommerce,livre,lacommerce,de,livre,lacommerce,False,r_topic,True,
livre de latoxicomanie,livre,latoxicomanie,de,livre,latoxicomanie,False,r_topic,True,
livre de lamusique,livre,lamusique,de,livre,lamusique,False,r_topic,True,
livre de laFrance,livre,lafrance,de,livre,lafrance,False,r_topic,True,
livre de lavie quotidienne,livre,lavie quotidienne,de,livre,lavie quotidienne,False,r_topic,True,
livre d'économie,livre,économie,d',livre,économie,False,r_topic,True,
livre de ladrogue,livre,ladrogue,de,livre,ladrogue,False,r_topic,True,
livre de lamarine,livre,lamarine,de,livre,lamarine,False,r_topic,True,
livre de laLittérature,livre,lalittérature,de,livre,lalittérature,False,r_topic,True,
livre de laCommerce,livre,lacommerce,de,livre,lacommerce,False,r_topic,True,
livre d'unités de mesure,livre d'unités,mesure,de,livre d'unité,mesure,False,r_topic,True,
livre d'Économie,livre,économie,d',livre,économie,False,r_topic,True,
film de laphotographie,film,laphotographie,de,film,laphotographie,False,r_topic,True,
film de l'art,film,l'art,de,film,l'art,False,r_topic,True,
film de l'arts,film,l'arts,de,film,l'art,False,r_topic,True,
film de lachimie,film,lachimie,de,film,lachimie,False,r_topic,True,
film d'alimentation,film,alimentation,d',film,alimentation,False,r_topic,True,
film d'artistique,film,artistique,d',film,artistique,False,r_topic,True,
film de l'emballage,film,l'emballage,de,film,l'emballage,False,r_topic,True,
film de l'économie,film,l'économie,de,film,l'économie,False,r_topic,True,
film d'Arts,film,arts,d',film,art,False,r_topic,True,
film de l'emballages,film,l'emballages,de,film,l'emballage,False,r_topic,True,
film de l'artistic,film,l'artistic,de,film,l'artistic,False,r_topic,True,
film de l'humanities,film,l'humanities,de,film,l'humanitie,False,r_topic,True,
cours d'hydrographie,cours,hydrographie,d',cour,hydrographie,False,r_topic,True,
cours de latourisme,cours,latourisme,de,cour,latourisme,False,r_topic,True,
cours d'hôtellerie,cours,hôtellerie,d',cour,hôtellerie,False,r_topic,True,
cours de labiologie,cours,labiologie,de,cour,labiologie,False,r_topic,True,
cours de lajurisprudence,cours,lajurisprudence,de,cour,lajurisprudence,False,r_topic,True,
cours d'hydrologie,cours,hydrologie,d',cour,hydrologie,False,r_topic,True,
cours de lacommerce,cours,lacommerce,de,cour,lacommerce,False,r_topic,True,
cours de lafinance,cours,lafinance,de,cour,lafinance,False,r_topic,True,
cours d'eau,cours,eau,d',cour,eau,False,r_topic,True,
cours d'enseignement,cours,enseignement,d',cour,enseignement,False,r_topic,True,
cours de l'éducation,cours,l'éducation,de,cour,l'éducation,False,r_topic,True,
cours de lascolaire,cours,lascolaire,de,cour,lascolaire,False,r_topic,True,
cours de l'architecture,cours,l'architecture,de,cour,l'architecture,False,r_topic,True,
cours de l'urbanisme,cours,l'urbanisme,de,cour,l'urbanisme,False,r_topic,True,
cours de l'économie,cours,l'économie,de,cour,l'économie,False,r_topic,True,
cours decours d'eau,decours,eau,d',decour,eau,False,r_topic,True,
cours de l'évolution,cours,l'évolution,de,cour,l'évolution,False,r_topic,True,
cours de l'Urbanisme,cours,l'urbanisme,de,cour,l'urbanisme,False,r_topic,True,
cours de laScolaire,cours,lascolaire,de,cour,lascolaire,False,r_topic,True,
cours de l'éducation nationale,cours,l'éducation nationale,de,cour,l'éducation nationale,False,r_topic,True,
cours de l'aménagement urbain,cours,l'aménagement urbain,de,cour,l'aménagement urbain,False,r_topic,True,
cours de laministère de l'Éducation nationale,cours de laministère,l'éducation nationale,de,cours de laministère,l'éducation nationale,False,r_topic,True,
cours deministère de l'éducation,cours deministère,l'éducation,de,cours deministère,l'éducation,False,r_topic,True,
cours de l'Éducation nationale,cours,l'éducation nationale,de,cour,l'éducation nationale,False,r_topic,True,
cours duministère de l'Éducation,cours duministère,l'éducation,de,cours duministère,l'éducation,False,r_topic,True,
cours deCours d'eau,decours,eau,d',decour,eau,False,r_topic,True,
article de labotanique,article,labotanique,de,article,labotanique,False,r_topic,True,
article de lapresse écrite,article,lapresse écrite,de,article,lapresse écrite,False,r_topic,True,
article d'entomologie,article,entomologie,d',article,entomologie,False,r_topic,True,
article de lagrammaire,article,lagrammaire,de,article,lagrammaire,False,r_topic,True,
article de l'anatomie,article,l'anatomie,de,article,l'anatomie,False,r_topic,True,
article d'économie,article,économie,d',article,économie,False,r_topic,True,
article de laGrammaire,article,lagrammaire,de,article,lagrammaire,False,r_topic,True,
article de lamédias de masse,article de lamédias,masse,de,article de lamédia,masse,False,r_topic,True,
article de lamédia de masse,article de lamédia,masse,de,article de lamédia,masse,False,r_topic,True,
article deMédias de masse,demédias,masse,de,demédia,masse,False,r_topic,True,
article deMédia de masse,demédia,masse,de,demédia,masse,False,r_topic,True,
these de l'orthodontie,these,l'orthodontie,de,these,l'orthodontie,False,r_topic,True,
etude de lamusique,etude,lamusique,de,etude,lamusique,False,r_topic,True,
recherche d'Histoire,recherche,histoire,d',recherche,histoire,False,r_topic,True,
recherche d'art,recherche,art,d',recherche,art,False,r_topic,True,
recherche d'arts,recherche,arts,d',recherche,art,False,r_topic,True,
recherche d'astronomie,recherche,astronomie,d',recherche,astronomie,False,r_topic,True,
recherche de labiologie,recherche,labiologie,de,recherche,labiologie,False,r_topic,True,
recherche de lasociologie,recherche,lasociologie,de,recherche,lasociologie,False,r_topic,True,
recherche de laphilosophie,recherche,laphilosophie,de,recherche,laphilosophie,False,r_topic,True,
recherche de laphysique,recherche,laphysique,de,recherche,laphysique,False,r_topic,True,
recherche de lascience,recherche,lascience,de,recherche,lascience,False,r_topic,True,
recherche de lapharmacie,recherche,lapharmacie,de,recherche,lapharmacie,False,r_topic,True,
recherche d'habillement,recherche,habillement,d',recherche,habillement,False,r_topic,True,
recherche de l'archéologie,recherche,l'archéologie,de,recherche,l'archéologie,False,r_topic,True,
recherche de lamédecine,recherche,lamédecine,de,recherche,lamédecine,False,r_topic,True,
recherche d'informatique,recherche,informatique,d',recherche,informatique,False,r_topic,True,
recherche de lavie quotidienne,recherche,lavie quotidienne,de,recherche,lavie quotidienne,False,r_topic,True,
recherche de lamode,recherche,lamode,de,recherche,lamode,False,r_topic,True,
recherche de l'enquête,recherche,l'enquête,de,recherche,l'enquête,False,r_topic,True,
recherche de l'histoire,recherche,l'histoire,de,recherche,l'histoire,False,r_topic,True,
recherche de laPhysique,recherche,laphysique,de,recherche,laphysique,False,r_topic,True,
recherche de laBiologie,recherche,labiologie,de,recherche,labiologie,False,r_topic,True,
recherche de laMédecine,recherche,lamédecine,de,recherche,lamédecine,False,r_topic,True,
recherche de l'Astronomie,recherche,l'astronomie,de,recherche,l'astronomie,False,r_topic,True,
recherche desciences de la terre,recherche desciences,la terre,de,recherche descience,la terre,False,r_topic,True,
recherche de laprocédure médicale,recherche,laprocédure médicale,de,recherche,laprocédure médicale,False,r_topic,True,
recherche de lamalade mentale,recherche,lamalade mentale,de,recherche,lamalade mentale,False,r_topic,True,
tableau d'einstein,tableau,einstein,d',tableau,einstein,False,r_product_of,True,
livre d'hugo,livre,hugo,d',livre,hugo,False,r_product_of,True,
livre d'einstein,livre,einstein,d',livre,einstein,False,r_product_of,True,
film d'hugo,film,hugo,d',film,hugo,False,r_product_of,True,
film d'einstein,film,einstein,d',film,einstein,False,r_product_of,True,
roman d'hugo,roman,hugo,d',roman,hugo,False,r_product_of,True,
sculpture d'hugo,sculpture,hugo,d',sculpture,hugo,False,r_product_of,True,
sculpture d'einstein,sculpture,einstein,d',sculpture,einstein,False,r_product_of,True,
opera d'hugo,opera,hugo,d',opera,hugo,False,r_product_of,True,
opera d'einstein,opera,einstein,d',opera,einstein,False,r_product_of,True,
piece d'hugo,piece,hugo,d',piece,hugo,False,r_product_of,True,
piece d'einstein,piece,einstein,d',piece,einstein,False,r_product_of,True,
oeuvre d'einstein,oeuvre,einstein,d',oeuvre,einstein,False,r_product_of,True,
invention d'hugo,invention,hugo,d',invention,hugo,False,r_product_of,True,
invention d'einstein,invention,einstein,d',invention,einstein,False,r_product_of,True,
decouverte d'einstein,decouverte,einstein,d',decouverte,einstein,False,r_product_of,True,
recette d'einstein,recette,einstein,d',recette,einstein,False,r_product_of,True,
table d'argent,table,argent,d',table,argent,False,r_objet>matiere,True,
fenetre d'acier,fenetre,acier,d',fenetre,acier,False,r_objet>matiere,True,
fenetre d'argent,fenetre,argent,d',fenetre,argent,False,r_objet>matiere,True,
escalier d'argent,escalier,argent,d',escalier,argent,False,r_objet>matiere,True,
pont d'argent,pont,argent,d',pont,argent,False,r_objet>matiere,True,
pont d'acier,pont,acier,d',pont,acier,False,r_objet>matiere,True,
statue d'or,statue,or,d',statue,or,False,r_objet>matiere,True,
bijou d'or,bijou,or,d',bijou,or,False,r_objet>matiere,True,
bol d'acier,bol,acier,d',bol,acier,False,r_objet>matiere,True,
bol d'or,bol,or,d',bol,or,False,r_objet>matiere,True,
banc d'or,banc,or,d',banc,or,False,r_objet>matiere,True,
coffre d'acier,coffre,acier,d',coffre,acier,False,r_objet>matiere,True,
mur d'acier,mur,acier,d',mur,acier,False,r_objet>matiere,True,
vin d'angleterre,vin,angleterre,d',vin,angleterre,False,r_lieu>origine,True,
vin d'alsace,vin,alsace,d',vin,alsace,False,r_lieu>origine,True,
vin d'asie,vin,asie,d',vin,asie,False,r_lieu>origine,True,
fromage d'asie,fromage,asie,d',fromage,asie,False,r_lieu>origine,True,
chocolat d'espagne,chocolat,espagne,d',chocolat,espagne,False,r_lieu>origine,True,
chocolat d'asie,chocolat,asie,d',chocolat,asie,False,r_lieu>origine,True,
parfum d'alsace,parfum,alsace,d',parfum,alsace,False,r_lieu>origine,True,
voiture d'italie,voiture,italie,d',voiture,italie,False,r_lieu>origine,True,
voiture d'espagne,voiture,espagne,d',voiture,espagne,False,r_lieu>origine,True,
montre d'europe,montre,europe,d',montre,europe,False,r_lieu>origine,True,
biere d'europe,biere,europe,d',biere,europe,False,r_lieu>origine,True,
biere d'afrique,biere,afrique,d',biere,afrique,False,r_lieu>origine,True,
biere d'alsace,biere,alsace,d',biere,alsace,False,r_lieu>origine,True,
biere d'amerique,biere,amerique,d',biere,amerique,False,r_lieu>origine,True,
the d'europe,the,europe,d',the,europe,False,r_lieu>origine,True,
huile d'afrique,huile,afrique,d',huile,afrique,False,r_lieu>origine,True,
huile d'alsace,huile,alsace,d',huile,alsace,False,r_lieu>origine,True,
huile d'italie,huile,italie,d',huile,italie,False,r_lieu>origine,True,
jambon d'afrique,jambon,afrique,d',jambon,afrique,False,r_lieu>origine,True,
jambon d'europe,jambon,europe,d',jambon,europe,False,r_lieu>origine,True,
jambon d'amerique,jambon,amerique,d',jambon,amerique,False,r_lieu>origine,True,
jambon d'espagne,jambon,espagne,d',jambon,espagne,False,r_lieu>origine,True,
saucisson d'alsace,saucisson,alsace,d',saucisson,alsace,False,r_lieu>origine,True,
moutarde d'alsace,moutarde,alsace,d',moutarde,alsace,False,r_lieu>origine,True,
champagne d'italie,champagne,italie,d',champagne,italie,False,r_lieu>origine,True,
cognac d'italie,cognac,italie,d',cognac,italie,False,r_lieu>origine,True,
cognac d'afrique,cognac,afrique,d',cognac,afrique,False,r_lieu>origine,True,
cidre d'italie,cidre,italie,d',cidre,italie,False,r_lieu>origine,True,
cidre d'asie,cidre,asie,d',cidre,asie,False,r_lieu>origine,True,
cidre d'angleterre,cidre,angleterre,d',cidre,angleterre,False,r_lieu>origine,True,
calvados d'espagne,calvados,espagne,d',calvado,espagne,False,r_lieu>origine,True,
calvados d'amerique,calvados,amerique,d',calvado,amerique,False,r_lieu>origine,True,
calvados d'italie,calvados,italie,d',calvado,italie,False,r_lieu>origine,True,
livre d'isabelle,livre,isabelle,d',livre,isabelle,False,r_own-1,True,
livre d'antoine,livre,antoine,d',livre,antoine,False,r_own-1,True,
voiture d'henri,voiture,henri,d',voiture,henri,False,r_own-1,True,
maison d'henri,maison,henri,d',maison,henri,False,r_own-1,True,
chien d'isabelle,chien,isabelle,d',chien,isabelle,False,r_own-1,True,
chat d'isabelle,chat,isabelle,d',chat,isabelle,False,r_own-1,True,
velo d'antoine,velo,antoine,d',velo,antoine,False,r_own-1,True,
velo d'henri,velo,henri,d',velo,henri,False,r_own-1,True,
telephone d'antoine,telephone,antoine,d',telephone,antoine,False,r_own-1,True,
telephone d'henri,telephone,henri,d',telephone,henri,False,r_own-1,True,
telephone d'andre,telephone,andre,d',telephone,andre,False,r_own-1,True,
ordinateur d'anne,ordinateur,anne,d',ordinateur,anne,False,r_own-1,True,
ordinateur d'antoine,ordinateur,antoine,d',ordinateur,antoine,False,r_own-1,True,
ordinateur d'andre,ordinateur,andre,d',ordinateur,andre,False,r_own-1,True,
sac d'anne,sac,anne,d',sac,anne,False,r_own-1,True,
montre d'isabelle,montre,isabelle,d',montre,isabelle,False,r_own-1,True,
chapeau d'isabelle,chapeau,isabelle,d',chapeau,isabelle,False,r_own-1,True,
bureau d'isabelle,bureau,isabelle,d',bureau,isabelle,False,r_own-1,True,
appartement d'andre,appartement,andre,d',appartement,andre,False,r_own-1,True,
appartement d'henri,appartement,henri,d',appartement,henri,False,r_own-1,True,
bateau d'anne,bateau,anne,d',bateau,anne,False,r_own-1,True,
bateau d'andre,bateau,andre,d',bateau,andre,False,r_own-1,True,
bateau d'henri,bateau,henri,d',bateau,henri,False,r_own-1,True,
bateau d'isabelle,bateau,isabelle,d',bateau,isabelle,False,r_own-1,True,
piano d'antoine,piano,antoine,d',piano,antoine,False,r_own-1,True,
soeur d'antoine,soeur,antoine,d',soeur,antoine,False,r_social_tie,True,
professeur d'antoine,professeur,antoine,d',professeur,antoine,False,r_social_tie,True,
employe d'anne,employe,anne,d',employe,anne,False,r_social_tie,True,
employe d'henri,employe,henri,d',employe,henri,False,r_social_tie,True,
collegue d'isabelle,collegue,isabelle,d',collegue,isabelle,False,r_social_tie,True,
collegue d'antoine,collegue,antoine,d',collegue,antoine,False,r_social_tie,True,
voisin d'isabelle,voisin,isabelle,d',voisin,isabelle,False,r_social_tie,True,
voisin d'antoine,voisin,antoine,d',voisin,antoine,False,r_social_tie,True,
eleve d'henri,eleve,henri,d',eleve,henri,False,r_social_tie,True,
patient d'anne,patient,anne,d',patient,anne,False,r_social_tie,True,
oncle d'anne,oncle,anne,d',oncle,anne,False,r_social_tie,True,
oncle d'isabelle,oncle,isabelle,d',oncle,isabelle,False,r_social_tie,True,
ami d'henri,ami,henri,d',ami,henri,False,r_social_tie,True,
ami d'anne,ami,anne,d',ami,anne,False,r_social_tie,True,
pere d'isabelle,pere,isabelle,d',pere,isabelle,False,r_social_tie,True,
pere d'henri,pere,henri,d',pere,henri,False,r_social_tie,True,
pere d'anne,pere,anne,d',pere,anne,False,r_social_tie,True,
voisine d'andre,voisine,andre,d',voisine,andre,False,r_social_tie,True,
voisine d'anne,voisine,anne,d',voisine,anne,False,r_social_tie,True,
voisine d'isabelle,voisine,isabelle,d',voisine,isabelle,False,r_social_tie,True,
tante d'antoine,tante,antoine,d',tante,antoine,False,r_social_tie,True,
tante d'andre,tante,andre,d',tante,andre,False,r_social_tie,True,
tante d'anne,tante,anne,d',tante,anne,False,r_social_tie,True,
cousine d'henri,cousine,henri,d',cousine,henri,False,r_social_tie,True,
cousin d'isabelle,cousin,isabelle,d',cousin,isabelle,False,r_social_tie,True,
cousin d'antoine,cousin,antoine,d',cousin,antoine,False,r_social_tie,True,
mere d'henri,mere,henri,d',mere,henri,False,r_social_tie,True,
mere d'isabelle,mere,isabelle,d',mere,isabelle,False,r_social_tie,True,
mere d'antoine,mere,antoine,d',mere,antoine,False,r_social_tie,True,
patron d'anne,patron,anne,d',patron,anne,False,r_social_tie,True,
medecin d'isabelle,medecin,isabelle,d',medecin,isabelle,False,r_social_tie,True,
medecin d'henri,medecin,henri,d',medecin,henri,False,r_social_tie,True,
frere d'anne,frere,anne,d',frere,anne,False,r_social_tie,True,
groupe d'eau,groupe,eau,d',groupe,eau,False,r_quantificateur,True,
part d'eau,part,eau,d',part,eau,False,r_quantificateur,True,
lot d'oranges,lot,oranges,d',lot,orange,False,r_quantificateur,True,
ensemble d'eau,ensemble,eau,d',ensemble,eau,False,r_quantificateur,True,
ensemble d'oranges,ensemble,oranges,d',ensemble,orange,False,r_quantificateur,True,
paquet d'oranges,paquet,oranges,d',paquet,orange,False,r_quantificateur,True,
tas d'oranges,tas,oranges,d',ta,orange,False,r_quantificateur,True,
tas d'eau,tas,eau,d',ta,eau,False,r_quantificateur,True,
tranche d'oranges,tranche,oranges,d',tranche,orange,False,r_quantificateur,True,
litre d'oranges,litre,oranges,d',litre,orange,False,r_quantificateur,True,
centimetre d'oranges,centimetre,oranges,d',centimetre,orange,False,r_quantificateur,True,
centimetre d'eau,centimetre,eau,d',centimetre,eau,False,r_quantificateur,True,
metre d'eau,metre,eau,d',metre,eau,False,r_quantificateur,True,
tasse d'eau,tasse,eau,d',tasse,eau,False,r_quantificateur,True,
kilo d'oranges,kilo,oranges,d',kilo,orange,False,r_quantificateur,True,
boite d'eau,boite,eau,d',boite,eau,False,r_quantificateur,True,
portrait de lascene,portrait,lascene,de,portrait,lascene,False,r_depic,True,
portrait de lamontagne,portrait,lamontagne,de,portrait,lamontagne,False,r_depic,True,
portrait de lareine,portrait,lareine,de,portrait,lareine,False,r_depic,True,
portrait de lapaysage,portrait,lapaysage,de,portrait,lapaysage,False,r_depic,True,
portrait de l'animal,portrait,l'animal,de,portrait,l'animal,False,r_depic,True,
portrait de laville,portrait,laville,de,portrait,laville,False,r_depic,True,
portrait de l'homme,portrait,l'homme,de,portrait,l'homme,False,r_depic,True,
representation de l'homme,representation,l'homme,de,representation,l'homme,False,r_depic,True,
representation de lapaysage,representation,lapaysage,de,representation,lapaysage,False,r_depic,True,
representation de labataille,representation,labataille,de,representation,labataille,False,r_depic,True,
representation de lascene,representation,lascene,de,representation,lascene,False,r_depic,True,
representation de laville,representation,laville,de,representation,laville,False,r_depic,True,
representation de lanature,representation,lanature,de,representation,lanature,False,r_depic,True,
representation de l'animal,representation,l'animal,de,representation,l'animal,False,r_depic,True,
sculpture de lareine,sculpture,lareine,de,sculpture,lareine,False,r_depic,True,
sculpture de l'homme,sculpture,l'homme,de,sculpture,l'homme,False,r_depic,True,
sculpture de lascene,sculpture,lascene,de,sculpture,lascene,False,r_depic,True,
sculpture de lafemme,sculpture,lafemme,de,sculpture,lafemme,False,r_depic,True,
dessin de lareine,dessin,lareine,de,dessin,lareine,False,r_depic,True,
dessin de lamontagne,dessin,lamontagne,de,dessin,lamontagne,False,r_depic,True,
dessin de lapersonnage,dessin,lapersonnage,de,dessin,lapersonnage,False,r_depic,True,
dessin de laville,dessin,laville,de,dessin,laville,False,r_depic,True,
dessin de lanature,dessin,lanature,de,dessin,lanature,False,r_depic,True,
dessin de l'homme,dessin,l'homme,de,dessin,l'homme,False,r_depic,True,
esquisse de lapersonnage,esquisse,lapersonnage,de,esquisse,lapersonnage,False,r_depic,True,
esquisse de lapaysage,esquisse,lapaysage,de,esquisse,lapaysage,False,r_depic,True,
esquisse de l'animal,esquisse,l'animal,de,esquisse,l'animal,False,r_depic,True,
esquisse de l'enfant,esquisse,l'enfant,de,esquisse,l'enfant,False,r_depic,True,
esquisse de lafemme,esquisse,lafemme,de,esquisse,lafemme,False,r_depic,True,
esquisse de lascene,esquisse,lascene,de,esquisse,lascene,False,r_depic,True,
image de lanature,image,lanature,de,image,lanature,False,r_depic,True,
image de labataille,image,labataille,de,image,labataille,False,r_depic,True,
image de l'homme,image,l'homme,de,image,l'homme,False,r_depic,True,
image de l'enfant,image,l'enfant,de,image,l'enfant,False,r_depic,True,
image de lareine,image,lareine,de,image,lareine,False,r_depic,True,
image de lascene,image,lascene,de,image,lascene,False,r_depic,True,
peinture de lareine,peinture,lareine,de,peinture,lareine,False,r_depic,True,
peinture de lascene,peinture,lascene,de,peinture,lascene,False,r_depic,True,
peinture de lafemme,peinture,lafemme,de,peinture,lafemme,False,r_depic,True,
peinture de l'animal,peinture,l'animal,de,peinture,l'animal,False,r_depic,True,
peinture de l'enfant,peinture,l'enfant,de,peinture,l'enfant,False,r_depic,True,
peinture de l'homme,peinture,l'homme,de,peinture,l'homme,False,r_depic,True,
peinture de laville,peinture,laville,de,peinture,laville,False,r_depic,True,
croquis de lapersonnage,croquis,lapersonnage,de,croqui,lapersonnage,False,r_depic,True,
croquis de lapaysage,croquis,lapaysage,de,croqui,lapaysage,False,r_depic,True,
croquis de lafemme,croquis,lafemme,de,croqui,lafemme,False,r_depic,True,
croquis de l'homme,croquis,l'homme,de,croqui,l'homme,False,r_depic,True,
croquis de labataille,croquis,labataille,de,croqui,labataille,False,r_depic,True,
gravure de lapersonnage,gravure,lapersonnage,de,gravure,lapersonnage,False,r_depic,True,
gravure de labataille,gravure,labataille,de,gravure,labataille,False,r_depic,True,
gravure de l'homme,gravure,l'homme,de,gravure,l'homme,False,r_depic,True,
gravure de lanature,gravure,lanature,de,gravure,lanature,False,r_depic,True,
gravure de lamontagne,gravure,lamontagne,de,gravure,lamontagne,False,r_depic,True,
gravure de l'enfant,gravure,l'enfant,de,gravure,l'enfant,False,r_depic,True,
gravure de lapaysage,gravure,lapaysage,de,gravure,lapaysage,False,r_depic,True,
gravure de l'animal,gravure,l'animal,de,gravure,l'animal,False,r_depic,True,
tableau de lamontagne,tableau,lamontagne,de,tableau,lamontagne,False,r_depic,True,
tableau de laville,tableau,laville,de,tableau,laville,False,r_depic,True,
tableau de l'enfant,tableau,l'enfant,de,tableau,l'enfant,False,r_depic,True,
tableau de lapersonnage,tableau,lapersonnage,de,tableau,lapersonnage,False,r_depic,True,
tableau de l'animal,tableau,l'animal,de,tableau,l'animal,False,r_depic,True,
tableau de lapaysage,tableau,lapaysage,de,tableau,lapaysage,False,r_depic,True,
statue de laville,statue,laville,de,statue,laville,False,r_depic,True,
statue de lapersonnage,statue,lapersonnage,de,statue,lapersonnage,False,r_depic,True,
statue de lapaysage,statue,lapaysage,de,statue,lapaysage,False,r_depic,True,
statue de l'homme,statue,l'homme,de,statue,l'homme,False,r_depic,True,
statue de lascene,statue,lascene,de,statue,lascene,False,r_depic,True,
statue de labataille,statue,labataille,de,statue,labataille,False,r_depic,True,
statue de l'animal,statue,l'animal,de,statue,l'animal,False,r_depic,True,
statue de lafemme,statue,lafemme,de,statue,lafemme,False,r_depic,True,
photo de laville,photo,laville,de,photo,laville,False,r_depic,True,
photo de l'homme,photo,l'homme,de,photo,l'homme,False,r_depic,True,
photo de labataille,photo,labataille,de,photo,labataille,False,r_depic,True,
photo de l'enfant,photo,l'enfant,de,photo,l'enfant,False,r_depic,True,
photo de l'animal,photo,l'animal,de,photo,l'animal,False,r_depic,True,
photo de lapaysage,photo,lapaysage,de,photo,lapaysage,False,r_depic,True,
illustration de labataille,illustration,labataille,de,illustration,labataille,False,r_depic,True,
illustration de lapaysage,illustration,lapaysage,de,illustration,lapaysage,False,r_depic,True,
illustration de l'animal,illustration,l'animal,de,illustration,l'animal,False,r_depic,True,
illustration de lanature,illustration,lanature,de,illustration,lanature,False,r_depic,True,
illustration de lascene,illustration,lascene,de,illustration,lascene,False,r_depic,True,
illustration de l'enfant,illustration,l'enfant,de,illustration,l'enfant,False,r_depic,True,
illustration de laville,illustration,laville,de,illustration,laville,False,r_depic,True,
retard de l'inondation,retard,l'inondation,de,retard,l'inondation,False,r_has_causatif,True,
retard de laseisme,retard,laseisme,de,retard,laseisme,False,r_has_causatif,True,
retard de l'accident,retard,l'accident,de,retard,l'accident,False,r_has_causatif,True,
retard de l'orage,retard,l'orage,de,retard,l'orage,False,r_has_causatif,True,
retard de laneige,retard,laneige,de,retard,laneige,False,r_has_causatif,True,
retard de lafatigue,retard,lafatigue,de,retard,lafatigue,False,r_has_causatif,True,
retard de lagreve,retard,lagreve,de,retard,lagreve,False,r_has_causatif,True,
accident de laguerre,accident,laguerre,de,accident,laguerre,False,r_has_causatif,True,
accident de l'inondation,accident,l'inondation,de,accident,l'inondation,False,r_has_causatif,True,
accident de l'accident,accident,l'accident,de,accident,l'accident,False,r_has_causatif,True,
accident de l'orage,accident,l'orage,de,accident,l'orage,False,r_has_causatif,True,
accident de laseisme,accident,laseisme,de,accident,laseisme,False,r_has_causatif,True,
accident de lapluie,accident,lapluie,de,accident,lapluie,False,r_has_causatif,True,
probleme de laseisme,probleme,laseisme,de,probleme,laseisme,False,r_has_causatif,True,
probleme de l'inondation,probleme,l'inondation,de,probleme,l'inondation,False,r_has_causatif,True,
probleme de lagreve,probleme,lagreve,de,probleme,lagreve,False,r_has_causatif,True,
probleme de l'orage,probleme,l'orage,de,probleme,l'orage,False,r_has_causatif,True,
probleme de laneige,probleme,laneige,de,probleme,laneige,False,r_has_causatif,True,
probleme de lafatigue,probleme,lafatigue,de,probleme,lafatigue,False,r_has_causatif,True,
incident de laguerre,incident,laguerre,de,incident,laguerre,False,r_has_causatif,True,
incident de l'accident,incident,l'accident,de,incident,l'accident,False,r_has_causatif,True,
incident de lamaladie,incident,lamaladie,de,incident,lamaladie,False,r_has_causatif,True,
incident de lagreve,incident,lagreve,de,incident,lagreve,False,r_has_causatif,True,
incident de l'incendie,incident,l'incendie,de,incident,l'incendie,False,r_has_causatif,True,
incident de lapluie,incident,lapluie,de,incident,lapluie,False,r_has_causatif,True,
incident de latempete,incident,latempete,de,incident,latempete,False,r_has_causatif,True,
incident de l'orage,incident,l'orage,de,incident,l'orage,False,r_has_causatif,True,
effet de latempete,effet,latempete,de,effet,latempete,False,r_has_causatif,True,
effet de laguerre,effet,laguerre,de,effet,laguerre,False,r_has_causatif,True,
effet de l'orage,effet,l'orage,de,effet,l'orage,False,r_has_causatif,True,
effet de l'accident,effet,l'accident,de,effet,l'accident,False,r_has_causatif,True,
effet de lafatigue,effet,lafatigue,de,effet,lafatigue,False,r_has_causatif,True,
effet de laneige,effet,laneige,de,effet,laneige,False,r_has_causatif,True,
effet de lapluie,effet,lapluie,de,effet,lapluie,False,r_has_causatif,True,
difficulte de l'orage,difficulte,l'orage,de,difficulte,l'orage,False,r_has_causatif,True,
difficulte de laguerre,difficulte,laguerre,de,difficulte,laguerre,False,r_has_causatif,True,
difficulte de lagreve,difficulte,lagreve,de,difficulte,lagreve,False,r_has_causatif,True,
difficulte de l'incendie,difficulte,l'incendie,de,difficulte,l'incendie,False,r_has_causatif,True,
difficulte de l'inondation,difficulte,l'inondation,de,difficulte,l'inondation,False,r_has_causatif,True,
difficulte de l'accident,difficulte,l'accident,de,difficulte,l'accident,False,r_has_causatif,True,
difficulte de latempete,difficulte,latempete,de,difficulte,latempete,False,r_has_causatif,True,
resultat de l'accident,resultat,l'accident,de,resultat,l'accident,False,r_has_causatif,True,
resultat de l'incendie,resultat,l'incendie,de,resultat,l'incendie,False,r_has_causatif,True,
resultat de lamaladie,resultat,lamaladie,de,resultat,lamaladie,False,r_has_causatif,True,
resultat de laguerre,resultat,laguerre,de,resultat,laguerre,False,r_has_causatif,True,
resultat de l'inondation,resultat,l'inondation,de,resultat,l'inondation,False,r_has_causatif,True,
resultat de lagreve,resultat,lagreve,de,resultat,lagreve,False,r_has_causatif,True,
resultat de latempete,resultat,latempete,de,resultat,latempete,False,r_has_causatif,True,
resultat de laseisme,resultat,laseisme,de,resultat,laseisme,False,r_has_causatif,True,
resultat de lafatigue,resultat,lafatigue,de,resultat,lafatigue,False,r_has_causatif,True,
suite de laguerre,suite,laguerre,de,suite,laguerre,False,r_has_causatif,True,
suite de laneige,suite,laneige,de,suite,laneige,False,r_has_causatif,True,
suite de l'inondation,suite,l'inondation,de,suite,l'inondation,False,r_has_causatif,True,
suite de laseisme,suite,laseisme,de,suite,laseisme,False,r_has_causatif,True,
suite de lafatigue,suite,lafatigue,de,suite,lafatigue,False,r_has_causatif,True,
suite de lamaladie,suite,lamaladie,de,suite,lamaladie,False,r_has_causatif,True,
suite de latempete,suite,latempete,de,suite,latempete,False,r_has_causatif,True,
suite de l'incendie,suite,l'incendie,de,suite,l'incendie,False,r_has_causatif,True,
impact de lapluie,impact,lapluie,de,impact,lapluie,False,r_has_causatif,True,
impact de latempete,impact,latempete,de,impact,latempete,False,r_has_causatif,True,
impact de lafatigue,impact,lafatigue,de,impact,lafatigue,False,r_has_causatif,True,
impact de lamaladie,impact,lamaladie,de,impact,lamaladie,False,r_has_causatif,True,
impact de laguerre,impact,laguerre,de,impact,laguerre,False,r_has_causatif,True,
impact de l'accident,impact,l'accident,de,impact,l'accident,False,r_has_causatif,True,
consequence de laguerre,consequence,laguerre,de,consequence,laguerre,False,r_has_causatif,True,
consequence de lagreve,consequence,lagreve,de,consequence,lagreve,False,r_has_causatif,True,
consequence de laseisme,consequence,laseisme,de,consequence,laseisme,False,r_has_causatif,True,
consequence de l'orage,consequence,l'orage,de,consequence,l'orage,False,r_has_causatif,True,
consequence de lamaladie,consequence,lamaladie,de,consequence,lamaladie,False,r_has_causatif,True,
